motif_ID	motif_ALT_ID	motif_P-value	seq_ID	seq_Score	seq_Class	is_holdout?
1-GCGCCGCC	STREME-1	2.6e-002	chr1:3168993-3169044	13.67	tp	0
1-GCGCCGCC	STREME-1	2.6e-002	chr3:8152031-8152082	13.67	tp	0
1-GCGCCGCC	STREME-1	2.6e-002	chr2:6060868-6060919	13.67	tp	0
1-GCGCCGCC	STREME-1	2.6e-002	chr8:173684168-173684219	13.67	tp	0
1-GCGCCGCC	STREME-1	2.6e-002	chr5:61309060-61309111	13.67	tp	0
1-GCGCCGCC	STREME-1	2.6e-002	chr2:217978089-217978140	13.67	tp	0
1-GCGCCGCC	STREME-1	2.6e-002	chr9:134434624-134434675	13.67	tp	0
1-GCGCCGCC	STREME-1	2.6e-002	chr10:114085659-114085710	13.67	tp	0
1-GCGCCGCC	STREME-1	2.6e-002	chr8:178141491-178141542	13.67	tp	0
1-GCGCCGCC	STREME-1	2.6e-002	chr5:197665803-197665854	13.67	tp	0
1-GCGCCGCC	STREME-1	2.6e-002	chr6:169907649-169907700	13.67	tp	0
1-GCGCCGCC	STREME-1	2.6e-002	chr1:254742444-254742495	13.67	tp	0
1-GCGCCGCC	STREME-1	2.6e-002	chr10:4285056-4285107	13.67	tp	0
1-GCGCCGCC	STREME-1	2.6e-002	chr4:8332669-8332720	13.67	tp	0
1-GCGCCGCC	STREME-1	2.6e-002	chr4:234684643-234684694	13.67	tp	0
1-GCGCCGCC	STREME-1	2.6e-002	chr4:28364390-28364441	13.67	tp	0
1-GCGCCGCC	STREME-1	2.6e-002	chr2:17263451-17263502	13.67	tp	0
1-GCGCCGCC	STREME-1	2.6e-002	chr3:223194189-223194240	13.67	tp	0
1-GCGCCGCC	STREME-1	2.6e-002	chr9:2476412-2476463	13.67	tp	0
1-GCGCCGCC	STREME-1	2.6e-002	chr8:103063418-103063469	13.67	tp	0
1-GCGCCGCC	STREME-1	2.6e-002	chr2:4405727-4405778	13.67	tp	0
1-GCGCCGCC	STREME-1	2.6e-002	chr4:37085913-37085964	13.67	tp	0
1-GCGCCGCC	STREME-1	2.6e-002	chr6:169935853-169935904	13.67	fp	0
1-GCGCCGCC	STREME-1	2.6e-002	chr8:178141812-178141863	13.67	fp	0
1-GCGCCGCC	STREME-1	2.6e-002	chr3:174373025-174373076	13.67	fp	0
1-GCGCCGCC	STREME-1	2.6e-002	chr3:156072908-156072959	13.67	fp	0
1-GCGCCGCC	STREME-1	2.6e-002	chr10:131691434-131691485	13.67	fp	0
1-GCGCCGCC	STREME-1	2.6e-002	chr4:132771631-132771682	13.67	fp	0
1-GCGCCGCC	STREME-1	2.6e-002	chr8:115226732-115226783	13.67	tp	1
1-GCGCCGCC	STREME-1	2.6e-002	chr10:114085659-114085710	13.67	fp	1
1-GCGCCGCC	STREME-1	2.6e-002	chr8:92413809-92413860	13.67	fp	1
1-GCGCCGCC	STREME-1	2.6e-002	chr3:59418581-59418632	11.87	tp	0
1-GCGCCGCC	STREME-1	2.6e-002	chr3:5944307-5944358	11.87	tp	0
1-GCGCCGCC	STREME-1	2.6e-002	chr6:179330949-179331000	11.87	tp	0
1-GCGCCGCC	STREME-1	2.6e-002	chr3:49831441-49831492	11.87	tp	0
1-GCGCCGCC	STREME-1	2.6e-002	chr1:79810291-79810342	11.87	tp	0
1-GCGCCGCC	STREME-1	2.6e-002	chr6:39260891-39260942	11.87	tp	0
1-GCGCCGCC	STREME-1	2.6e-002	chr3:174752033-174752084	11.87	tp	0
1-GCGCCGCC	STREME-1	2.6e-002	chr8:70202484-70202535	11.87	tp	0
1-GCGCCGCC	STREME-1	2.6e-002	chr10:145028348-145028399	11.87	tp	0
1-GCGCCGCC	STREME-1	2.6e-002	chr6:164269849-164269900	11.87	tp	0
1-GCGCCGCC	STREME-1	2.6e-002	chr7:173289745-173289796	11.87	tp	0
1-GCGCCGCC	STREME-1	2.6e-002	chr6:156622388-156622439	11.87	tp	0
1-GCGCCGCC	STREME-1	2.6e-002	chr2:15773104-15773155	11.87	fp	0
1-GCGCCGCC	STREME-1	2.6e-002	chr3:186674414-186674465	11.87	fp	0
1-GCGCCGCC	STREME-1	2.6e-002	chr1:285871106-285871157	11.71	tp	0
1-GCGCCGCC	STREME-1	2.6e-002	chr1:105054135-105054186	11.71	tp	0
1-GCGCCGCC	STREME-1	2.6e-002	chr8:155853568-155853619	11.71	tp	0
1-GCGCCGCC	STREME-1	2.6e-002	chr9:117522450-117522501	11.19	tp	0
1-GCGCCGCC	STREME-1	2.6e-002	chr3:8164109-8164160	11.19	tp	0
1-GCGCCGCC	STREME-1	2.6e-002	chr8:79340056-79340107	11.19	tp	0
1-GCGCCGCC	STREME-1	2.6e-002	chr6:107206423-107206474	11.19	tp	0
1-GCGCCGCC	STREME-1	2.6e-002	chr2:9803274-9803325	11.19	tp	0
1-GCGCCGCC	STREME-1	2.6e-002	chr7:149556818-149556869	11.19	tp	0
1-GCGCCGCC	STREME-1	2.6e-002	chr6:106227330-106227381	11.19	tp	0
1-GCGCCGCC	STREME-1	2.6e-002	chr6:173612533-173612584	11.19	tp	0
1-GCGCCGCC	STREME-1	2.6e-002	chr1:235843586-235843637	11.19	tp	0
1-GCGCCGCC	STREME-1	2.6e-002	chr10:133287044-133287095	11.19	tp	0
1-GCGCCGCC	STREME-1	2.6e-002	chr6:106222534-106222585	11.19	tp	0
1-GCGCCGCC	STREME-1	2.6e-002	chr4:161965348-161965399	11.19	tp	0
1-GCGCCGCC	STREME-1	2.6e-002	chr6:107830133-107830184	11.19	tp	0
1-GCGCCGCC	STREME-1	2.6e-002	chr1:278972838-278972889	11.19	tp	0
1-GCGCCGCC	STREME-1	2.6e-002	chr9:138082288-138082339	11.19	tp	0
1-GCGCCGCC	STREME-1	2.6e-002	chr10:147692242-147692293	11.19	tp	0
1-GCGCCGCC	STREME-1	2.6e-002	chr9:12771513-12771564	11.19	tp	0
1-GCGCCGCC	STREME-1	2.6e-002	chr5:183343266-183343317	11.19	tp	0
1-GCGCCGCC	STREME-1	2.6e-002	chr6:174086667-174086718	11.19	fp	0
1-GCGCCGCC	STREME-1	2.6e-002	chr5:197665803-197665854	11.19	fp	0
1-GCGCCGCC	STREME-1	2.6e-002	chr7:171093878-171093929	11.19	fp	0
1-GCGCCGCC	STREME-1	2.6e-002	chr7:149556818-149556869	11.19	fp	0
1-GCGCCGCC	STREME-1	2.6e-002	chr1:28799025-28799076	11.19	fp	0
1-GCGCCGCC	STREME-1	2.6e-002	chr7:136784934-136784985	11.19	fp	0
1-GCGCCGCC	STREME-1	2.6e-002	chr3:180683014-180683065	11.19	tp	1
1-GCGCCGCC	STREME-1	2.6e-002	chr2:2927686-2927737	11.19	tp	1
1-GCGCCGCC	STREME-1	2.6e-002	chr8:172372696-172372747	11.19	tp	1
1-GCGCCGCC	STREME-1	2.6e-002	chr9:135925092-135925143	11.19	tp	1
1-GCGCCGCC	STREME-1	2.6e-002	chr1:102378275-102378326	11.19	tp	1
1-GCGCCGCC	STREME-1	2.6e-002	chr9:2741933-2741984	11.19	fp	1
1-GCGCCGCC	STREME-1	2.6e-002	chr1:58571309-58571360	11.15	tp	0
1-GCGCCGCC	STREME-1	2.6e-002	chr3:156072908-156072959	11.15	tp	0
1-GCGCCGCC	STREME-1	2.6e-002	chr2:229723142-229723193	11.15	tp	0
1-GCGCCGCC	STREME-1	2.6e-002	chr10:131691434-131691485	11.15	tp	0
1-GCGCCGCC	STREME-1	2.6e-002	chr1:216293046-216293097	11.15	tp	0
1-GCGCCGCC	STREME-1	2.6e-002	chr1:183813304-183813355	11.15	tp	0
1-GCGCCGCC	STREME-1	2.6e-002	chr10:143602091-143602142	11.15	tp	0
1-GCGCCGCC	STREME-1	2.6e-002	chr1:42363642-42363693	11.15	tp	0
1-GCGCCGCC	STREME-1	2.6e-002	chr6:17432886-17432937	11.15	tp	0
1-GCGCCGCC	STREME-1	2.6e-002	chr7:133401696-133401747	11.15	tp	0
1-GCGCCGCC	STREME-1	2.6e-002	chr3:22339368-22339419	11.15	tp	0
1-GCGCCGCC	STREME-1	2.6e-002	chr4:185222251-185222302	11.15	fp	0
1-GCGCCGCC	STREME-1	2.6e-002	chr5:50934524-50934575	11.15	fp	0
1-GCGCCGCC	STREME-1	2.6e-002	chr1:66867480-66867531	11.15	fp	0
1-GCGCCGCC	STREME-1	2.6e-002	chr3:8164109-8164160	11.15	fp	0
1-GCGCCGCC	STREME-1	2.6e-002	chr1:236610478-236610529	11.15	tp	1
1-GCGCCGCC	STREME-1	2.6e-002	chr1:184578101-184578152	11.15	tp	1
1-GCGCCGCC	STREME-1	2.6e-002	chr6:159008304-159008355	11.15	fp	1
1-GCGCCGCC	STREME-1	2.6e-002	chr5:55192092-55192143	10.86	tp	0
1-GCGCCGCC	STREME-1	2.6e-002	chr1:52051591-52051642	10.86	tp	0
1-GCGCCGCC	STREME-1	2.6e-002	chr6:172221058-172221109	10.86	tp	0
1-GCGCCGCC	STREME-1	2.6e-002	chr8:996747-996798	10.86	tp	0
1-GCGCCGCC	STREME-1	2.6e-002	chr4:183695586-183695637	10.86	tp	0
1-GCGCCGCC	STREME-1	2.6e-002	chr3:22669618-22669669	10.86	tp	0
1-GCGCCGCC	STREME-1	2.6e-002	chr5:102216956-102217007	10.86	tp	0
1-GCGCCGCC	STREME-1	2.6e-002	chr7:141450330-141450381	10.86	tp	0
1-GCGCCGCC	STREME-1	2.6e-002	chr7:172871952-172872003	10.86	tp	0
1-GCGCCGCC	STREME-1	2.6e-002	chr3:184872754-184872805	10.86	tp	0
1-GCGCCGCC	STREME-1	2.6e-002	chr5:195711270-195711321	10.86	tp	0
1-GCGCCGCC	STREME-1	2.6e-002	chr9:151564435-151564486	10.86	tp	0
1-GCGCCGCC	STREME-1	2.6e-002	chr7:134835612-134835663	10.86	tp	0
1-GCGCCGCC	STREME-1	2.6e-002	chr1:199609648-199609699	10.86	tp	0
1-GCGCCGCC	STREME-1	2.6e-002	chr2:62557959-62558010	10.86	tp	0
1-GCGCCGCC	STREME-1	2.6e-002	chr10:136325251-136325302	10.86	tp	0
1-GCGCCGCC	STREME-1	2.6e-002	chr3:161095137-161095188	10.86	tp	0
1-GCGCCGCC	STREME-1	2.6e-002	chr1:53036046-53036097	10.86	fp	0
1-GCGCCGCC	STREME-1	2.6e-002	chr5:183343266-183343317	10.86	fp	0
1-GCGCCGCC	STREME-1	2.6e-002	chr8:152974090-152974141	10.86	fp	0
1-GCGCCGCC	STREME-1	2.6e-002	chr1:236610478-236610529	10.86	fp	0
1-GCGCCGCC	STREME-1	2.6e-002	chr3:154274179-154274230	10.86	fp	0
1-GCGCCGCC	STREME-1	2.6e-002	chr7:169412570-169412621	10.86	fp	0
1-GCGCCGCC	STREME-1	2.6e-002	chr3:29736444-29736495	10.86	tp	1
1-GCGCCGCC	STREME-1	2.6e-002	chr5:193303656-193303707	10.86	tp	1
1-GCGCCGCC	STREME-1	2.6e-002	chr3:227173865-227173916	10.76	tp	0
1-GCGCCGCC	STREME-1	2.6e-002	chr2:5662926-5662977	10.76	tp	0
1-GCGCCGCC	STREME-1	2.6e-002	chr7:127143089-127143140	10.76	tp	0
1-GCGCCGCC	STREME-1	2.6e-002	chr6:8159717-8159768	10.76	tp	0
1-GCGCCGCC	STREME-1	2.6e-002	chr2:17259151-17259202	10.76	tp	0
1-GCGCCGCC	STREME-1	2.6e-002	chr5:57195315-57195366	10.76	tp	0
1-GCGCCGCC	STREME-1	2.6e-002	chr4:54565434-54565485	10.76	tp	0
1-GCGCCGCC	STREME-1	2.6e-002	chr2:12274222-12274273	10.76	tp	0
1-GCGCCGCC	STREME-1	2.6e-002	chr1:236502818-236502869	10.76	tp	0
1-GCGCCGCC	STREME-1	2.6e-002	chr2:9461001-9461052	10.76	tp	0
1-GCGCCGCC	STREME-1	2.6e-002	chr2:4898476-4898527	10.76	tp	0
1-GCGCCGCC	STREME-1	2.6e-002	chr6:168220722-168220773	10.76	tp	0
1-GCGCCGCC	STREME-1	2.6e-002	chr1:292720870-292720921	10.76	tp	0
1-GCGCCGCC	STREME-1	2.6e-002	chr7:161031249-161031300	10.76	tp	0
1-GCGCCGCC	STREME-1	2.6e-002	chr8:180427980-180428031	10.76	tp	0
1-GCGCCGCC	STREME-1	2.6e-002	chr2:4406095-4406146	10.76	fp	0
1-GCGCCGCC	STREME-1	2.6e-002	chr3:227174050-227174101	10.76	fp	0
1-GCGCCGCC	STREME-1	2.6e-002	chr8:153539905-153539956	10.76	fp	0
1-GCGCCGCC	STREME-1	2.6e-002	chr10:136325251-136325302	10.76	fp	0
1-GCGCCGCC	STREME-1	2.6e-002	chr5:210351698-210351749	10.76	fp	0
1-GCGCCGCC	STREME-1	2.6e-002	chr2:217978089-217978140	10.76	fp	0
1-GCGCCGCC	STREME-1	2.6e-002	chr8:7431555-7431606	9.91	fp	0
1-GCGCCGCC	STREME-1	2.6e-002	chr8:7431555-7431606	9.91	tp	1
1-GCGCCGCC	STREME-1	2.6e-002	chr9:138767878-138767929	9.90	tp	0
1-GCGCCGCC	STREME-1	2.6e-002	chr5:31456739-31456790	9.90	tp	0
1-GCGCCGCC	STREME-1	2.6e-002	chr7:127145536-127145587	9.90	tp	0
1-GCGCCGCC	STREME-1	2.6e-002	chr8:177357925-177357976	9.90	tp	0
1-GCGCCGCC	STREME-1	2.6e-002	chr5:223618787-223618838	9.90	tp	0
1-GCGCCGCC	STREME-1	2.6e-002	chr1:300165262-300165313	9.90	tp	0
1-GCGCCGCC	STREME-1	2.6e-002	chr1:34330961-34331012	9.90	tp	0
1-GCGCCGCC	STREME-1	2.6e-002	chr1:79810291-79810342	9.90	fp	0
1-GCGCCGCC	STREME-1	2.6e-002	chr8:173684168-173684219	9.90	fp	0
1-GCGCCGCC	STREME-1	2.6e-002	chr5:16488823-16488874	9.90	tp	1
1-GCGCCGCC	STREME-1	2.6e-002	chr8:37116759-37116810	9.28	tp	0
1-GCGCCGCC	STREME-1	2.6e-002	chr6:175318728-175318779	9.28	tp	0
1-GCGCCGCC	STREME-1	2.6e-002	chr3:22683525-22683576	9.28	fp	0
1-GCGCCGCC	STREME-1	2.6e-002	chr5:224376554-224376605	9.28	tp	1
1-GCGCCGCC	STREME-1	2.6e-002	chr10:117962392-117962443	9.28	fp	1
1-GCGCCGCC	STREME-1	2.6e-002	chr1:54704395-54704446	9.23	tp	0
1-GCGCCGCC	STREME-1	2.6e-002	chr3:3906994-3907045	9.23	tp	0
1-GCGCCGCC	STREME-1	2.6e-002	chr7:170425185-170425236	9.23	tp	0
1-GCGCCGCC	STREME-1	2.6e-002	chr6:169935853-169935904	9.23	tp	0
1-GCGCCGCC	STREME-1	2.6e-002	chr1:4105614-4105665	9.23	fp	0
1-GCGCCGCC	STREME-1	2.6e-002	chr5:94905993-94906044	9.18	tp	0
1-GCGCCGCC	STREME-1	2.6e-002	chr3:7848818-7848869	9.18	tp	1
#
2-GACGASGA	STREME-2	3.0e-002	chr9:122132632-122132683	14.07	tp	0
2-GACGASGA	STREME-2	3.0e-002	chr9:2479319-2479370	14.07	tp	0
2-GACGASGA	STREME-2	3.0e-002	chr1:254864578-254864629	14.07	tp	0
2-GACGASGA	STREME-2	3.0e-002	chr1:68896056-68896107	14.07	tp	0
2-GACGASGA	STREME-2	3.0e-002	chr7:127143089-127143140	14.07	tp	0
2-GACGASGA	STREME-2	3.0e-002	chr8:175954462-175954513	14.07	tp	0
2-GACGASGA	STREME-2	3.0e-002	chr2:62952262-62952313	14.07	tp	0
2-GACGASGA	STREME-2	3.0e-002	chr4:184661234-184661285	14.07	tp	0
2-GACGASGA	STREME-2	3.0e-002	chr7:4712641-4712692	14.07	tp	0
2-GACGASGA	STREME-2	3.0e-002	chr6:169907649-169907700	14.07	tp	0
2-GACGASGA	STREME-2	3.0e-002	chr9:114430057-114430108	14.07	tp	0
2-GACGASGA	STREME-2	3.0e-002	chr9:149075322-149075373	14.07	tp	0
2-GACGASGA	STREME-2	3.0e-002	chr1:203991259-203991310	14.07	tp	0
2-GACGASGA	STREME-2	3.0e-002	chr7:147833970-147834021	14.07	tp	0
2-GACGASGA	STREME-2	3.0e-002	chr3:184872754-184872805	14.07	tp	0
2-GACGASGA	STREME-2	3.0e-002	chr1:231677277-231677328	14.07	tp	0
2-GACGASGA	STREME-2	3.0e-002	chr2:239224262-239224313	14.07	tp	0
2-GACGASGA	STREME-2	3.0e-002	chr8:166237214-166237265	14.07	tp	0
2-GACGASGA	STREME-2	3.0e-002	chr6:126216162-126216213	13.82	tp	0
2-GACGASGA	STREME-2	3.0e-002	chr4:198096671-198096722	13.82	tp	0
2-GACGASGA	STREME-2	3.0e-002	chr1:192310464-192310515	13.82	tp	0
2-GACGASGA	STREME-2	3.0e-002	chr3:8164109-8164160	13.82	tp	0
2-GACGASGA	STREME-2	3.0e-002	chr8:79340056-79340107	13.82	tp	0
2-GACGASGA	STREME-2	3.0e-002	chr1:52051591-52051642	13.82	tp	0
2-GACGASGA	STREME-2	3.0e-002	chr3:21480999-21481050	13.82	tp	0
2-GACGASGA	STREME-2	3.0e-002	chr1:229626673-229626724	13.82	tp	0
2-GACGASGA	STREME-2	3.0e-002	chr3:180308420-180308471	13.82	tp	0
2-GACGASGA	STREME-2	3.0e-002	chr8:141394887-141394938	13.82	tp	0
2-GACGASGA	STREME-2	3.0e-002	chr7:171130536-171130587	13.82	tp	0
2-GACGASGA	STREME-2	3.0e-002	chr4:54565434-54565485	13.82	tp	0
2-GACGASGA	STREME-2	3.0e-002	chr3:185774184-185774235	13.82	tp	0
2-GACGASGA	STREME-2	3.0e-002	chr6:172221058-172221109	13.82	tp	0
2-GACGASGA	STREME-2	3.0e-002	chr8:153539905-153539956	13.82	tp	0
2-GACGASGA	STREME-2	3.0e-002	chr8:126988554-126988605	13.82	tp	0
2-GACGASGA	STREME-2	3.0e-002	chr7:181927355-181927406	13.82	tp	0
2-GACGASGA	STREME-2	3.0e-002	chr4:183695586-183695637	13.82	tp	0
2-GACGASGA	STREME-2	3.0e-002	chr8:177357925-177357976	13.82	tp	0
2-GACGASGA	STREME-2	3.0e-002	chr4:15958305-15958356	13.82	tp	0
2-GACGASGA	STREME-2	3.0e-002	chr9:116929737-116929788	13.82	tp	0
2-GACGASGA	STREME-2	3.0e-002	chr1:15283056-15283107	13.82	tp	0
2-GACGASGA	STREME-2	3.0e-002	chr8:156934500-156934551	13.82	tp	0
2-GACGASGA	STREME-2	3.0e-002	chr4:15564877-15564928	13.82	tp	0
2-GACGASGA	STREME-2	3.0e-002	chr2:214084185-214084236	13.82	tp	0
2-GACGASGA	STREME-2	3.0e-002	chr1:197285012-197285063	13.82	tp	0
2-GACGASGA	STREME-2	3.0e-002	chr7:169784401-169784452	13.82	tp	0
2-GACGASGA	STREME-2	3.0e-002	chr8:155292507-155292558	13.82	tp	0
2-GACGASGA	STREME-2	3.0e-002	chr4:161965663-161965714	13.82	tp	0
2-GACGASGA	STREME-2	3.0e-002	chr8:71414084-71414135	13.82	tp	0
2-GACGASGA	STREME-2	3.0e-002	chr3:49906374-49906425	13.82	tp	0
2-GACGASGA	STREME-2	3.0e-002	chr9:108449101-108449152	13.82	tp	0
2-GACGASGA	STREME-2	3.0e-002	chr1:52831446-52831497	13.82	tp	0
2-GACGASGA	STREME-2	3.0e-002	chr9:145980804-145980855	13.82	tp	0
2-GACGASGA	STREME-2	3.0e-002	chr8:13187258-13187309	13.82	tp	0
2-GACGASGA	STREME-2	3.0e-002	chr1:278891974-278892025	13.82	tp	0
2-GACGASGA	STREME-2	3.0e-002	chr2:210710889-210710940	13.82	tp	0
2-GACGASGA	STREME-2	3.0e-002	chr1:168835790-168835841	13.82	tp	0
2-GACGASGA	STREME-2	3.0e-002	chr9:23824304-23824355	13.82	tp	0
2-GACGASGA	STREME-2	3.0e-002	chr3:21480999-21481050	13.82	fp	0
2-GACGASGA	STREME-2	3.0e-002	chr8:71414084-71414135	13.82	fp	0
2-GACGASGA	STREME-2	3.0e-002	chr5:194374847-194374898	13.82	fp	0
2-GACGASGA	STREME-2	3.0e-002	chr9:158066187-158066238	13.82	fp	0
2-GACGASGA	STREME-2	3.0e-002	chr8:24722969-24723020	13.82	tp	1
2-GACGASGA	STREME-2	3.0e-002	chr6:88157683-88157734	13.82	tp	1
2-GACGASGA	STREME-2	3.0e-002	chr9:79149168-79149219	13.82	tp	1
2-GACGASGA	STREME-2	3.0e-002	chr7:175417512-175417563	13.82	tp	1
2-GACGASGA	STREME-2	3.0e-002	chr7:127378928-127378979	12.00	tp	0
2-GACGASGA	STREME-2	3.0e-002	chr1:194699125-194699176	12.00	tp	0
2-GACGASGA	STREME-2	3.0e-002	chr5:62670000-62670051	12.00	tp	0
2-GACGASGA	STREME-2	3.0e-002	chr9:110754219-110754270	12.00	tp	0
2-GACGASGA	STREME-2	3.0e-002	chr2:96638311-96638362	12.00	tp	0
2-GACGASGA	STREME-2	3.0e-002	chr4:234684643-234684694	12.00	tp	0
2-GACGASGA	STREME-2	3.0e-002	chr1:254864578-254864629	12.00	fp	0
2-GACGASGA	STREME-2	3.0e-002	chr1:178284896-178284947	12.00	tp	1
2-GACGASGA	STREME-2	3.0e-002	chr1:303602558-303602609	11.84	tp	0
2-GACGASGA	STREME-2	3.0e-002	chr7:139439398-139439449	11.84	tp	0
2-GACGASGA	STREME-2	3.0e-002	chr1:296860318-296860369	11.84	tp	0
2-GACGASGA	STREME-2	3.0e-002	chr1:209357395-209357446	11.84	tp	0
2-GACGASGA	STREME-2	3.0e-002	chr1:5090352-5090403	11.84	tp	0
2-GACGASGA	STREME-2	3.0e-002	chr3:209983453-209983504	11.84	fp	0
#
3-ACGTACGT	STREME-3	9.1e-002	chr2:10894829-10894880	12.56	tp	0
3-ACGTACGT	STREME-3	9.1e-002	chr5:219039748-219039799	12.56	tp	0
3-ACGTACGT	STREME-3	9.1e-002	chr7:139439398-139439449	12.56	tp	0
3-ACGTACGT	STREME-3	9.1e-002	chr4:69394107-69394158	12.56	tp	0
3-ACGTACGT	STREME-3	9.1e-002	chr7:104312914-104312965	12.56	tp	0
3-ACGTACGT	STREME-3	9.1e-002	chr1:85915474-85915525	12.56	tp	0
3-ACGTACGT	STREME-3	9.1e-002	chr3:227173865-227173916	12.56	tp	0
3-ACGTACGT	STREME-3	9.1e-002	chr1:39041876-39041927	12.56	tp	0
3-ACGTACGT	STREME-3	9.1e-002	chr2:6060868-6060919	12.56	tp	0
3-ACGTACGT	STREME-3	9.1e-002	chr5:63618154-63618205	12.56	tp	0
3-ACGTACGT	STREME-3	9.1e-002	chr7:179938175-179938226	12.56	tp	0
3-ACGTACGT	STREME-3	9.1e-002	chr2:185615232-185615283	12.56	tp	0
3-ACGTACGT	STREME-3	9.1e-002	chr6:161421357-161421408	12.56	tp	0
3-ACGTACGT	STREME-3	9.1e-002	chr2:62951351-62951402	12.56	tp	0
3-ACGTACGT	STREME-3	9.1e-002	chr10:114101164-114101215	12.56	tp	0
3-ACGTACGT	STREME-3	9.1e-002	chr1:307573850-307573901	12.56	tp	0
3-ACGTACGT	STREME-3	9.1e-002	chr10:114047942-114047993	12.56	tp	0
3-ACGTACGT	STREME-3	9.1e-002	chr5:213971610-213971661	12.56	tp	0
3-ACGTACGT	STREME-3	9.1e-002	chr9:110754219-110754270	12.56	tp	0
3-ACGTACGT	STREME-3	9.1e-002	chr5:87986320-87986371	12.56	tp	0
3-ACGTACGT	STREME-3	9.1e-002	chr3:171309216-171309267	12.56	tp	0
3-ACGTACGT	STREME-3	9.1e-002	chr10:143602091-143602142	12.56	tp	0
3-ACGTACGT	STREME-3	9.1e-002	chr4:36995141-36995192	12.56	tp	0
3-ACGTACGT	STREME-3	9.1e-002	chr4:15958305-15958356	12.56	tp	0
3-ACGTACGT	STREME-3	9.1e-002	chr3:23051085-23051136	12.56	tp	0
3-ACGTACGT	STREME-3	9.1e-002	chr6:140985559-140985610	12.56	tp	0
3-ACGTACGT	STREME-3	9.1e-002	chr1:51306267-51306318	12.56	tp	0
3-ACGTACGT	STREME-3	9.1e-002	chr9:149075322-149075373	12.56	tp	0
3-ACGTACGT	STREME-3	9.1e-002	chr8:170295038-170295089	12.56	tp	0
3-ACGTACGT	STREME-3	9.1e-002	chr1:16737593-16737644	12.56	tp	0
3-ACGTACGT	STREME-3	9.1e-002	chr1:4109472-4109523	12.56	tp	0
3-ACGTACGT	STREME-3	9.1e-002	chr1:235843586-235843637	12.56	tp	0
3-ACGTACGT	STREME-3	9.1e-002	chr4:183684588-183684639	12.56	tp	0
3-ACGTACGT	STREME-3	9.1e-002	chr3:192114830-192114881	12.56	tp	0
3-ACGTACGT	STREME-3	9.1e-002	chr2:237347268-237347319	12.56	tp	0
3-ACGTACGT	STREME-3	9.1e-002	chr5:31420904-31420955	12.56	tp	0
3-ACGTACGT	STREME-3	9.1e-002	chr9:110422975-110423026	12.56	tp	0
3-ACGTACGT	STREME-3	9.1e-002	chr1:152368996-152369047	12.56	tp	0
3-ACGTACGT	STREME-3	9.1e-002	chr10:135827428-135827479	12.56	tp	0
3-ACGTACGT	STREME-3	9.1e-002	chr7:161032227-161032278	12.56	tp	0
3-ACGTACGT	STREME-3	9.1e-002	chr5:17661273-17661324	12.56	tp	0
3-ACGTACGT	STREME-3	9.1e-002	chr1:43971288-43971339	12.56	tp	0
3-ACGTACGT	STREME-3	9.1e-002	chr7:142061919-142061970	12.56	tp	0
3-ACGTACGT	STREME-3	9.1e-002	chr1:288111780-288111831	12.56	tp	0
3-ACGTACGT	STREME-3	9.1e-002	chr8:88892801-88892852	12.56	tp	0
3-ACGTACGT	STREME-3	9.1e-002	chr9:116140800-116140851	12.56	tp	0
3-ACGTACGT	STREME-3	9.1e-002	chr10:134677194-134677245	12.56	tp	0
3-ACGTACGT	STREME-3	9.1e-002	chr4:161965663-161965714	12.56	tp	0
3-ACGTACGT	STREME-3	9.1e-002	chr6:43601149-43601200	12.56	tp	0
3-ACGTACGT	STREME-3	9.1e-002	chr3:194511543-194511594	12.56	tp	0
3-ACGTACGT	STREME-3	9.1e-002	chr4:197888885-197888936	12.56	tp	0
3-ACGTACGT	STREME-3	9.1e-002	chr1:210756027-210756078	12.56	tp	0
3-ACGTACGT	STREME-3	9.1e-002	chr1:34330961-34331012	12.56	tp	0
3-ACGTACGT	STREME-3	9.1e-002	chr9:25422629-25422680	12.56	tp	0
3-ACGTACGT	STREME-3	9.1e-002	chr9:116650145-116650196	12.56	tp	0
3-ACGTACGT	STREME-3	9.1e-002	chr9:2692848-2692899	12.56	tp	0
3-ACGTACGT	STREME-3	9.1e-002	chr1:278891974-278892025	12.56	tp	0
3-ACGTACGT	STREME-3	9.1e-002	chr2:195377179-195377230	12.56	tp	0
3-ACGTACGT	STREME-3	9.1e-002	chr2:50122541-50122592	12.56	tp	0
3-ACGTACGT	STREME-3	9.1e-002	chr1:210756027-210756078	12.56	fp	0
3-ACGTACGT	STREME-3	9.1e-002	chr5:45068976-45069027	12.56	fp	0
3-ACGTACGT	STREME-3	9.1e-002	chr1:34330961-34331012	12.56	fp	0
3-ACGTACGT	STREME-3	9.1e-002	chr2:192455932-192455983	12.56	fp	0
3-ACGTACGT	STREME-3	9.1e-002	chr8:152974090-152974141	12.56	fp	0
3-ACGTACGT	STREME-3	9.1e-002	chr1:85915474-85915525	12.56	fp	0
3-ACGTACGT	STREME-3	9.1e-002	chr1:288111780-288111831	12.56	fp	0
3-ACGTACGT	STREME-3	9.1e-002	chr1:307573850-307573901	12.56	fp	0
3-ACGTACGT	STREME-3	9.1e-002	chr7:104312914-104312965	12.56	fp	0
3-ACGTACGT	STREME-3	9.1e-002	chr1:204523416-204523467	12.56	fp	0
3-ACGTACGT	STREME-3	9.1e-002	chr5:220249749-220249800	12.56	fp	0
3-ACGTACGT	STREME-3	9.1e-002	chr9:116650145-116650196	12.56	fp	0
3-ACGTACGT	STREME-3	9.1e-002	chr1:43631927-43631978	12.56	fp	0
3-ACGTACGT	STREME-3	9.1e-002	chr4:183684588-183684639	12.56	fp	0
3-ACGTACGT	STREME-3	9.1e-002	chr8:175608219-175608270	12.56	fp	0
3-ACGTACGT	STREME-3	9.1e-002	chr5:218676334-218676385	12.56	fp	0
3-ACGTACGT	STREME-3	9.1e-002	chr5:150374370-150374421	12.56	fp	0
3-ACGTACGT	STREME-3	9.1e-002	chr6:173046740-173046791	12.56	fp	0
3-ACGTACGT	STREME-3	9.1e-002	chr8:110491751-110491802	12.56	tp	1
3-ACGTACGT	STREME-3	9.1e-002	chr9:135926076-135926127	12.56	tp	1
3-ACGTACGT	STREME-3	9.1e-002	chr2:12106692-12106743	12.56	tp	1
3-ACGTACGT	STREME-3	9.1e-002	chr5:224376554-224376605	12.56	tp	1
3-ACGTACGT	STREME-3	9.1e-002	chr4:197768534-197768585	12.56	tp	1
3-ACGTACGT	STREME-3	9.1e-002	chr1:201428937-201428988	12.56	tp	1
3-ACGTACGT	STREME-3	9.1e-002	chr5:208712447-208712498	12.56	tp	1
3-ACGTACGT	STREME-3	9.1e-002	chr6:169520288-169520339	12.56	tp	1
3-ACGTACGT	STREME-3	9.1e-002	chr9:2692848-2692899	12.56	fp	1
3-ACGTACGT	STREME-3	9.1e-002	chr1:39253954-39254005	12.56	fp	1
3-ACGTACGT	STREME-3	9.1e-002	chr7:161032227-161032278	12.56	fp	1
3-ACGTACGT	STREME-3	9.1e-002	chr1:39253954-39254005	10.51	tp	0
3-ACGTACGT	STREME-3	9.1e-002	chr6:119621641-119621692	10.51	tp	0
3-ACGTACGT	STREME-3	9.1e-002	chr9:115062681-115062732	10.51	tp	0
3-ACGTACGT	STREME-3	9.1e-002	chr9:140143658-140143709	10.51	tp	0
3-ACGTACGT	STREME-3	9.1e-002	chr2:65426603-65426654	10.51	tp	0
3-ACGTACGT	STREME-3	9.1e-002	chr7:123471796-123471847	10.51	tp	0
3-ACGTACGT	STREME-3	9.1e-002	chr2:229723142-229723193	10.51	tp	0
3-ACGTACGT	STREME-3	9.1e-002	chr1:300492149-300492200	10.51	tp	0
3-ACGTACGT	STREME-3	9.1e-002	chr3:49969284-49969335	10.51	tp	0
3-ACGTACGT	STREME-3	9.1e-002	chr8:21156907-21156958	10.51	tp	0
3-ACGTACGT	STREME-3	9.1e-002	chr1:5653982-5654033	10.51	tp	0
3-ACGTACGT	STREME-3	9.1e-002	chr5:213783409-213783460	10.51	tp	0
3-ACGTACGT	STREME-3	9.1e-002	chr4:188391055-188391106	10.51	tp	0
3-ACGTACGT	STREME-3	9.1e-002	chr3:219591737-219591788	10.51	tp	0
3-ACGTACGT	STREME-3	9.1e-002	chr8:126691809-126691860	10.51	tp	0
3-ACGTACGT	STREME-3	9.1e-002	chr10:15899014-15899065	10.51	tp	0
3-ACGTACGT	STREME-3	9.1e-002	chr1:263703511-263703562	10.51	tp	0
3-ACGTACGT	STREME-3	9.1e-002	chr1:277479489-277479540	10.51	tp	0
3-ACGTACGT	STREME-3	9.1e-002	chr10:131739845-131739896	10.51	tp	0
3-ACGTACGT	STREME-3	9.1e-002	chr1:66867844-66867895	10.51	tp	0
3-ACGTACGT	STREME-3	9.1e-002	chr6:106227330-106227381	10.51	tp	0
3-ACGTACGT	STREME-3	9.1e-002	chr6:159166144-159166195	10.51	tp	0
3-ACGTACGT	STREME-3	9.1e-002	chr10:114085659-114085710	10.51	tp	0
3-ACGTACGT	STREME-3	9.1e-002	chr1:231181705-231181756	10.51	tp	0
3-ACGTACGT	STREME-3	9.1e-002	chr7:3105748-3105799	10.51	tp	0
3-ACGTACGT	STREME-3	9.1e-002	chr1:99331506-99331557	10.51	tp	0
3-ACGTACGT	STREME-3	9.1e-002	chr2:35087268-35087319	10.51	tp	0
3-ACGTACGT	STREME-3	9.1e-002	chr6:5005915-5005966	10.51	tp	0
3-ACGTACGT	STREME-3	9.1e-002	chr2:86061714-86061765	10.51	tp	0
3-ACGTACGT	STREME-3	9.1e-002	chr5:12496922-12496973	10.51	tp	0
3-ACGTACGT	STREME-3	9.1e-002	chr6:138476539-138476590	10.51	tp	0
3-ACGTACGT	STREME-3	9.1e-002	chr2:188237490-188237541	10.51	tp	0
3-ACGTACGT	STREME-3	9.1e-002	chr7:139280301-139280352	10.51	tp	0
3-ACGTACGT	STREME-3	9.1e-002	chr6:43643943-43643994	10.51	tp	0
3-ACGTACGT	STREME-3	9.1e-002	chr3:2858937-2858988	10.51	tp	0
3-ACGTACGT	STREME-3	9.1e-002	chr8:76876031-76876082	10.51	tp	0
3-ACGTACGT	STREME-3	9.1e-002	chr6:35762408-35762459	10.51	tp	0
3-ACGTACGT	STREME-3	9.1e-002	chr8:110491751-110491802	10.51	fp	0
3-ACGTACGT	STREME-3	9.1e-002	chr3:171309216-171309267	10.51	fp	0
3-ACGTACGT	STREME-3	9.1e-002	chr3:219591737-219591788	10.51	fp	0
3-ACGTACGT	STREME-3	9.1e-002	chr2:65426603-65426654	10.51	fp	0
3-ACGTACGT	STREME-3	9.1e-002	chr7:179938175-179938226	10.51	fp	0
3-ACGTACGT	STREME-3	9.1e-002	chr1:39041876-39041927	10.51	fp	0
3-ACGTACGT	STREME-3	9.1e-002	chr8:156934500-156934551	10.51	fp	0
3-ACGTACGT	STREME-3	9.1e-002	chr5:101671646-101671697	10.51	fp	0
3-ACGTACGT	STREME-3	9.1e-002	chr4:197768534-197768585	10.51	fp	0
3-ACGTACGT	STREME-3	9.1e-002	chr1:16737593-16737644	10.51	fp	0
3-ACGTACGT	STREME-3	9.1e-002	chr10:77960242-77960293	10.51	fp	0
3-ACGTACGT	STREME-3	9.1e-002	chr5:63618154-63618205	10.51	fp	0
3-ACGTACGT	STREME-3	9.1e-002	chr3:21480999-21481050	10.51	fp	0
3-ACGTACGT	STREME-3	9.1e-002	chr1:231181705-231181756	10.51	fp	0
3-ACGTACGT	STREME-3	9.1e-002	chr5:213780894-213780945	10.51	fp	0
3-ACGTACGT	STREME-3	9.1e-002	chr5:87986320-87986371	10.51	fp	0
3-ACGTACGT	STREME-3	9.1e-002	chr5:213780894-213780945	10.51	tp	1
3-ACGTACGT	STREME-3	9.1e-002	chr1:229775932-229775983	10.51	tp	1
3-ACGTACGT	STREME-3	9.1e-002	chr4:132770818-132770869	10.51	tp	1
3-ACGTACGT	STREME-3	9.1e-002	chr8:100632881-100632932	10.51	tp	1
3-ACGTACGT	STREME-3	9.1e-002	chr3:180470967-180471018	10.51	fp	1
3-ACGTACGT	STREME-3	9.1e-002	chr9:138087053-138087104	9.71	tp	0
3-ACGTACGT	STREME-3	9.1e-002	chr10:118637218-118637269	9.71	tp	0
3-ACGTACGT	STREME-3	9.1e-002	chr10:81071590-81071641	9.71	tp	0
3-ACGTACGT	STREME-3	9.1e-002	chr1:21845275-21845326	9.71	tp	0
3-ACGTACGT	STREME-3	9.1e-002	chr7:167442400-167442451	9.71	tp	0
3-ACGTACGT	STREME-3	9.1e-002	chr3:8152031-8152082	9.71	tp	0
3-ACGTACGT	STREME-3	9.1e-002	chr2:15772345-15772396	9.71	tp	0
3-ACGTACGT	STREME-3	9.1e-002	chr4:183580218-183580269	9.71	tp	0
3-ACGTACGT	STREME-3	9.1e-002	chr3:227174050-227174101	9.71	tp	0
3-ACGTACGT	STREME-3	9.1e-002	chr7:175022184-175022235	9.71	tp	0
3-ACGTACGT	STREME-3	9.1e-002	chr1:105054135-105054186	9.71	tp	0
3-ACGTACGT	STREME-3	9.1e-002	chr5:61309060-61309111	9.71	tp	0
3-ACGTACGT	STREME-3	9.1e-002	chr3:5694984-5695035	9.71	tp	0
3-ACGTACGT	STREME-3	9.1e-002	chr2:96638311-96638362	9.71	tp	0
3-ACGTACGT	STREME-3	9.1e-002	chr6:177016470-177016521	9.71	tp	0
3-ACGTACGT	STREME-3	9.1e-002	chr1:281483907-281483958	9.71	tp	0
3-ACGTACGT	STREME-3	9.1e-002	chr7:102790103-102790154	9.71	tp	0
3-ACGTACGT	STREME-3	9.1e-002	chr2:9461001-9461052	9.71	tp	0
3-ACGTACGT	STREME-3	9.1e-002	chr2:13830435-13830486	9.71	tp	0
3-ACGTACGT	STREME-3	9.1e-002	chr3:220998044-220998095	9.71	tp	0
3-ACGTACGT	STREME-3	9.1e-002	chr4:28364390-28364441	9.71	tp	0
3-ACGTACGT	STREME-3	9.1e-002	chr6:173046740-173046791	9.71	tp	0
3-ACGTACGT	STREME-3	9.1e-002	chr2:63037612-63037663	9.71	tp	0
3-ACGTACGT	STREME-3	9.1e-002	chr10:122736137-122736188	9.71	tp	0
3-ACGTACGT	STREME-3	9.1e-002	chr4:161509216-161509267	9.71	tp	0
3-ACGTACGT	STREME-3	9.1e-002	chr1:15202350-15202401	9.71	tp	0
3-ACGTACGT	STREME-3	9.1e-002	chr5:220249455-220249506	9.71	tp	0
3-ACGTACGT	STREME-3	9.1e-002	chr9:128187838-128187889	9.71	tp	0
3-ACGTACGT	STREME-3	9.1e-002	chr6:163087818-163087869	9.71	tp	0
3-ACGTACGT	STREME-3	9.1e-002	chr1:281106277-281106328	9.71	tp	0
3-ACGTACGT	STREME-3	9.1e-002	chr7:22377396-22377447	9.71	tp	0
3-ACGTACGT	STREME-3	9.1e-002	chr9:120797055-120797106	9.71	tp	0
3-ACGTACGT	STREME-3	9.1e-002	chr9:140143658-140143709	9.71	fp	0
3-ACGTACGT	STREME-3	9.1e-002	chr2:188237490-188237541	9.71	fp	0
3-ACGTACGT	STREME-3	9.1e-002	chr3:49831441-49831492	9.71	fp	0
3-ACGTACGT	STREME-3	9.1e-002	chr4:69394107-69394158	9.71	fp	0
3-ACGTACGT	STREME-3	9.1e-002	chr7:142061919-142061970	9.71	fp	0
3-ACGTACGT	STREME-3	9.1e-002	chr8:72276751-72276802	9.71	fp	0
3-ACGTACGT	STREME-3	9.1e-002	chr3:220998044-220998095	9.71	fp	0
3-ACGTACGT	STREME-3	9.1e-002	chr4:161509216-161509267	9.71	fp	0
3-ACGTACGT	STREME-3	9.1e-002	chr3:194511543-194511594	9.71	fp	0
3-ACGTACGT	STREME-3	9.1e-002	chr3:23051085-23051136	9.71	fp	0
3-ACGTACGT	STREME-3	9.1e-002	chr1:235843586-235843637	9.71	fp	0
3-ACGTACGT	STREME-3	9.1e-002	chr6:177016470-177016521	9.71	fp	0
3-ACGTACGT	STREME-3	9.1e-002	chr2:218504136-218504187	9.71	fp	0
3-ACGTACGT	STREME-3	9.1e-002	chr3:24974556-24974607	9.71	fp	0
3-ACGTACGT	STREME-3	9.1e-002	chr7:139280301-139280352	9.71	fp	0
3-ACGTACGT	STREME-3	9.1e-002	chr2:13830435-13830486	9.71	fp	0
3-ACGTACGT	STREME-3	9.1e-002	chr3:227173865-227173916	9.71	fp	1
3-ACGTACGT	STREME-3	9.1e-002	chr6:173658884-173658935	9.71	fp	1
3-ACGTACGT	STREME-3	9.1e-002	chr9:12500005-12500056	9.71	fp	1
3-ACGTACGT	STREME-3	9.1e-002	chr2:86061714-86061765	9.71	fp	1
3-ACGTACGT	STREME-3	9.1e-002	chr6:174114116-174114167	9.63	tp	0
3-ACGTACGT	STREME-3	9.1e-002	chr1:204523416-204523467	9.63	tp	0
3-ACGTACGT	STREME-3	9.1e-002	chr1:46510209-46510260	9.63	tp	0
3-ACGTACGT	STREME-3	9.1e-002	chr3:181674511-181674562	9.63	tp	0
3-ACGTACGT	STREME-3	9.1e-002	chr10:140163620-140163671	9.63	tp	0
3-ACGTACGT	STREME-3	9.1e-002	chr1:257595951-257596002	9.63	tp	0
3-ACGTACGT	STREME-3	9.1e-002	chr1:201426815-201426866	9.63	tp	0
3-ACGTACGT	STREME-3	9.1e-002	chr5:198943488-198943539	9.63	tp	0
3-ACGTACGT	STREME-3	9.1e-002	chr6:173612533-173612584	9.63	tp	0
3-ACGTACGT	STREME-3	9.1e-002	chr6:122397606-122397657	9.63	tp	0
3-ACGTACGT	STREME-3	9.1e-002	chr4:172110554-172110605	9.63	tp	0
3-ACGTACGT	STREME-3	9.1e-002	chr2:4898476-4898527	9.63	tp	0
3-ACGTACGT	STREME-3	9.1e-002	chr8:20419177-20419228	9.63	tp	0
3-ACGTACGT	STREME-3	9.1e-002	chr5:94849097-94849148	9.63	tp	0
3-ACGTACGT	STREME-3	9.1e-002	chr2:218504136-218504187	9.63	tp	0
3-ACGTACGT	STREME-3	9.1e-002	chr5:209493623-209493674	9.63	tp	0
3-ACGTACGT	STREME-3	9.1e-002	chr4:161965348-161965399	9.63	tp	0
3-ACGTACGT	STREME-3	9.1e-002	chr8:165223878-165223929	9.63	tp	0
3-ACGTACGT	STREME-3	9.1e-002	chr5:58857909-58857960	9.63	tp	0
3-ACGTACGT	STREME-3	9.1e-002	chr9:17874706-17874757	9.63	tp	0
3-ACGTACGT	STREME-3	9.1e-002	chr6:175820778-175820829	9.63	tp	0
3-ACGTACGT	STREME-3	9.1e-002	chr1:27072136-27072187	9.63	tp	0
3-ACGTACGT	STREME-3	9.1e-002	chr7:150116231-150116282	9.63	tp	0
3-ACGTACGT	STREME-3	9.1e-002	chr8:72276751-72276802	9.63	tp	0
3-ACGTACGT	STREME-3	9.1e-002	chr2:63037612-63037663	9.63	fp	0
3-ACGTACGT	STREME-3	9.1e-002	chr2:185615232-185615283	9.63	fp	0
3-ACGTACGT	STREME-3	9.1e-002	chr2:50122541-50122592	9.63	fp	0
3-ACGTACGT	STREME-3	9.1e-002	chr2:62951351-62951402	9.63	fp	0
3-ACGTACGT	STREME-3	9.1e-002	chr5:55192092-55192143	9.63	fp	0
3-ACGTACGT	STREME-3	9.1e-002	chr3:180309504-180309555	9.63	fp	0
3-ACGTACGT	STREME-3	9.1e-002	chr3:207205421-207205472	9.63	fp	0
3-ACGTACGT	STREME-3	9.1e-002	chr5:211441407-211441458	9.63	fp	0
3-ACGTACGT	STREME-3	9.1e-002	chr6:173612533-173612584	9.63	fp	0
3-ACGTACGT	STREME-3	9.1e-002	chr7:21760517-21760568	9.63	fp	0
3-ACGTACGT	STREME-3	9.1e-002	chr1:228966662-228966713	9.63	tp	1
3-ACGTACGT	STREME-3	9.1e-002	chr8:7431555-7431606	9.63	tp	1
3-ACGTACGT	STREME-3	9.1e-002	chr2:210234028-210234079	9.63	tp	1
3-ACGTACGT	STREME-3	9.1e-002	chr6:172221058-172221109	8.45	tp	0
3-ACGTACGT	STREME-3	9.1e-002	chr8:178147035-178147086	8.45	tp	0
#
4-RGTCAAM	STREME-4	3.3e-001	chr1:303602558-303602609	11.74	tp	0
4-RGTCAAM	STREME-4	3.3e-001	chr7:104312914-104312965	11.74	tp	0
4-RGTCAAM	STREME-4	3.3e-001	chr1:296860318-296860369	11.74	tp	0
4-RGTCAAM	STREME-4	3.3e-001	chr8:175608017-175608068	11.74	tp	0
4-RGTCAAM	STREME-4	3.3e-001	chr9:92620179-92620230	11.74	tp	0
4-RGTCAAM	STREME-4	3.3e-001	chr5:208662441-208662492	11.74	tp	0
4-RGTCAAM	STREME-4	3.3e-001	chr7:149556818-149556869	11.74	tp	0
4-RGTCAAM	STREME-4	3.3e-001	chr3:175419937-175419988	11.74	tp	0
4-RGTCAAM	STREME-4	3.3e-001	chr3:8159425-8159476	11.74	tp	0
4-RGTCAAM	STREME-4	3.3e-001	chr1:104631514-104631565	11.74	tp	0
4-RGTCAAM	STREME-4	3.3e-001	chr4:217583901-217583952	11.74	tp	0
4-RGTCAAM	STREME-4	3.3e-001	chr8:22512893-22512944	11.74	tp	0
4-RGTCAAM	STREME-4	3.3e-001	chr6:173612533-173612584	11.74	tp	0
4-RGTCAAM	STREME-4	3.3e-001	chr1:280055370-280055421	11.74	tp	0
4-RGTCAAM	STREME-4	3.3e-001	chr1:43631927-43631978	11.74	tp	0
4-RGTCAAM	STREME-4	3.3e-001	chr7:122936102-122936153	11.74	tp	0
4-RGTCAAM	STREME-4	3.3e-001	chr6:168220722-168220773	11.74	tp	0
4-RGTCAAM	STREME-4	3.3e-001	chr4:180053928-180053979	11.74	tp	0
4-RGTCAAM	STREME-4	3.3e-001	chr7:127142456-127142507	11.74	tp	0
4-RGTCAAM	STREME-4	3.3e-001	chr4:234684643-234684694	11.74	tp	0
4-RGTCAAM	STREME-4	3.3e-001	chr6:106222534-106222585	11.74	tp	0
4-RGTCAAM	STREME-4	3.3e-001	chr4:40999523-40999574	11.74	tp	0
4-RGTCAAM	STREME-4	3.3e-001	chr5:153541913-153541964	11.74	tp	0
4-RGTCAAM	STREME-4	3.3e-001	chr1:292720870-292720921	11.74	tp	0
4-RGTCAAM	STREME-4	3.3e-001	chr1:300165262-300165313	11.74	tp	0
4-RGTCAAM	STREME-4	3.3e-001	chr2:191009897-191009948	11.74	tp	0
4-RGTCAAM	STREME-4	3.3e-001	chr1:3168993-3169044	11.74	fp	0
4-RGTCAAM	STREME-4	3.3e-001	chr8:173311154-173311205	11.74	fp	0
4-RGTCAAM	STREME-4	3.3e-001	chr7:180101180-180101231	11.74	fp	0
4-RGTCAAM	STREME-4	3.3e-001	chr4:163127787-163127838	11.74	fp	0
4-RGTCAAM	STREME-4	3.3e-001	chr1:60051499-60051550	11.74	fp	0
4-RGTCAAM	STREME-4	3.3e-001	chr3:3906994-3907045	11.74	fp	0
4-RGTCAAM	STREME-4	3.3e-001	chr6:153450811-153450862	11.74	fp	0
4-RGTCAAM	STREME-4	3.3e-001	chr5:153541913-153541964	11.74	fp	0
4-RGTCAAM	STREME-4	3.3e-001	chr7:166217248-166217299	11.74	tp	1
4-RGTCAAM	STREME-4	3.3e-001	chr1:10562734-10562785	11.74	tp	1
4-RGTCAAM	STREME-4	3.3e-001	chr1:194699125-194699176	11.56	tp	0
4-RGTCAAM	STREME-4	3.3e-001	chr7:128831970-128832021	11.56	tp	0
4-RGTCAAM	STREME-4	3.3e-001	chr3:219146527-219146578	11.56	tp	0
4-RGTCAAM	STREME-4	3.3e-001	chr2:15174232-15174283	11.56	tp	0
4-RGTCAAM	STREME-4	3.3e-001	chr7:93420715-93420766	11.56	tp	0
4-RGTCAAM	STREME-4	3.3e-001	chr5:31456739-31456790	11.56	tp	0
4-RGTCAAM	STREME-4	3.3e-001	chr4:181558778-181558829	11.56	tp	0
4-RGTCAAM	STREME-4	3.3e-001	chr10:129052453-129052504	11.56	tp	0
4-RGTCAAM	STREME-4	3.3e-001	chr10:147341083-147341134	11.56	tp	0
4-RGTCAAM	STREME-4	3.3e-001	chr6:106227330-106227381	11.56	tp	0
4-RGTCAAM	STREME-4	3.3e-001	chr4:185332366-185332417	11.56	tp	0
4-RGTCAAM	STREME-4	3.3e-001	chr10:84409999-84410050	11.56	tp	0
4-RGTCAAM	STREME-4	3.3e-001	chr2:5516338-5516389	11.56	tp	0
4-RGTCAAM	STREME-4	3.3e-001	chr7:32348490-32348541	11.56	tp	0
4-RGTCAAM	STREME-4	3.3e-001	chr9:25423057-25423108	11.56	tp	0
4-RGTCAAM	STREME-4	3.3e-001	chr7:171729530-171729581	11.56	tp	0
4-RGTCAAM	STREME-4	3.3e-001	chr7:148070868-148070919	11.56	tp	0
4-RGTCAAM	STREME-4	3.3e-001	chr10:92151730-92151781	11.56	tp	0
4-RGTCAAM	STREME-4	3.3e-001	chr6:138476539-138476590	11.56	tp	0
4-RGTCAAM	STREME-4	3.3e-001	chr8:128374153-128374204	11.56	tp	0
4-RGTCAAM	STREME-4	3.3e-001	chr6:43601149-43601200	11.56	tp	0
4-RGTCAAM	STREME-4	3.3e-001	chr1:278891974-278892025	11.56	tp	0
4-RGTCAAM	STREME-4	3.3e-001	chr2:218381053-218381104	11.56	tp	0
4-RGTCAAM	STREME-4	3.3e-001	chr4:234684643-234684694	11.56	fp	0
4-RGTCAAM	STREME-4	3.3e-001	chr1:34929041-34929092	11.56	fp	0
4-RGTCAAM	STREME-4	3.3e-001	chr8:149696454-149696505	11.56	fp	0
4-RGTCAAM	STREME-4	3.3e-001	chr10:140743899-140743950	11.56	fp	0
4-RGTCAAM	STREME-4	3.3e-001	chr1:194699125-194699176	11.56	fp	0
4-RGTCAAM	STREME-4	3.3e-001	chr4:7514629-7514680	11.56	fp	0
4-RGTCAAM	STREME-4	3.3e-001	chr1:85327785-85327836	11.56	fp	0
4-RGTCAAM	STREME-4	3.3e-001	chr7:21760517-21760568	11.56	fp	0
4-RGTCAAM	STREME-4	3.3e-001	chr1:285871106-285871157	11.56	fp	1
4-RGTCAAM	STREME-4	3.3e-001	chr8:175954462-175954513	11.56	fp	1
4-RGTCAAM	STREME-4	3.3e-001	chr7:174474113-174474164	11.56	fp	1
4-RGTCAAM	STREME-4	3.3e-001	chr4:239884687-239884738	11.56	fp	1
4-RGTCAAM	STREME-4	3.3e-001	chr2:12087843-12087894	11.21	tp	0
4-RGTCAAM	STREME-4	3.3e-001	chr3:209608322-209608373	11.21	tp	0
4-RGTCAAM	STREME-4	3.3e-001	chr1:254864578-254864629	11.21	tp	0
4-RGTCAAM	STREME-4	3.3e-001	chr8:171871077-171871128	11.21	tp	0
4-RGTCAAM	STREME-4	3.3e-001	chr10:150977700-150977751	11.21	tp	0
4-RGTCAAM	STREME-4	3.3e-001	chr7:174910967-174911018	11.21	tp	0
4-RGTCAAM	STREME-4	3.3e-001	chr2:11179895-11179946	11.21	tp	0
4-RGTCAAM	STREME-4	3.3e-001	chr4:64038037-64038088	11.21	tp	0
4-RGTCAAM	STREME-4	3.3e-001	chr5:94849407-94849458	11.21	tp	0
4-RGTCAAM	STREME-4	3.3e-001	chr2:12266665-12266716	11.21	tp	0
4-RGTCAAM	STREME-4	3.3e-001	chr9:16511186-16511237	11.21	tp	0
4-RGTCAAM	STREME-4	3.3e-001	chr3:159233922-159233973	11.21	tp	0
4-RGTCAAM	STREME-4	3.3e-001	chr3:144023525-144023576	11.21	tp	0
4-RGTCAAM	STREME-4	3.3e-001	chr4:244314480-244314531	11.21	tp	0
4-RGTCAAM	STREME-4	3.3e-001	chr4:160376170-160376221	11.21	tp	0
4-RGTCAAM	STREME-4	3.3e-001	chr5:2586315-2586366	11.21	tp	0
4-RGTCAAM	STREME-4	3.3e-001	chr10:129211448-129211499	11.21	tp	0
4-RGTCAAM	STREME-4	3.3e-001	chr5:22338562-22338613	11.21	tp	0
4-RGTCAAM	STREME-4	3.3e-001	chr2:188267721-188267772	11.21	tp	0
4-RGTCAAM	STREME-4	3.3e-001	chr2:195377179-195377230	11.21	tp	0
4-RGTCAAM	STREME-4	3.3e-001	chr9:23824304-23824355	11.21	tp	0
4-RGTCAAM	STREME-4	3.3e-001	chr8:148962791-148962842	11.21	tp	0
4-RGTCAAM	STREME-4	3.3e-001	chr1:43971820-43971871	11.21	fp	0
4-RGTCAAM	STREME-4	3.3e-001	chr2:203054291-203054342	11.21	fp	0
4-RGTCAAM	STREME-4	3.3e-001	chr5:188161186-188161237	11.21	fp	0
4-RGTCAAM	STREME-4	3.3e-001	chr7:149185049-149185100	11.21	fp	0
4-RGTCAAM	STREME-4	3.3e-001	chr4:201123916-201123967	11.21	fp	0
4-RGTCAAM	STREME-4	3.3e-001	chr6:5005915-5005966	11.21	fp	0
4-RGTCAAM	STREME-4	3.3e-001	chr3:219136818-219136869	11.21	fp	0
4-RGTCAAM	STREME-4	3.3e-001	chr2:50122541-50122592	11.21	fp	0
4-RGTCAAM	STREME-4	3.3e-001	chr1:32055285-32055336	11.21	fp	0
4-RGTCAAM	STREME-4	3.3e-001	chr2:35087268-35087319	11.21	fp	0
4-RGTCAAM	STREME-4	3.3e-001	chr2:10990519-10990570	11.21	tp	1
4-RGTCAAM	STREME-4	3.3e-001	chr3:221004509-221004560	11.21	tp	1
4-RGTCAAM	STREME-4	3.3e-001	chr8:160608542-160608593	11.02	tp	0
4-RGTCAAM	STREME-4	3.3e-001	chr2:203054291-203054342	11.02	tp	0
4-RGTCAAM	STREME-4	3.3e-001	chr1:5418252-5418303	11.02	tp	0
4-RGTCAAM	STREME-4	3.3e-001	chr7:172115849-172115900	11.02	tp	0
4-RGTCAAM	STREME-4	3.3e-001	chr7:139439398-139439449	11.02	tp	0
4-RGTCAAM	STREME-4	3.3e-001	chr3:178228301-178228352	11.02	tp	0
4-RGTCAAM	STREME-4	3.3e-001	chr5:33264035-33264086	11.02	tp	0
4-RGTCAAM	STREME-4	3.3e-001	chr5:63618154-63618205	11.02	tp	0
4-RGTCAAM	STREME-4	3.3e-001	chr1:278281902-278281953	11.02	tp	0
4-RGTCAAM	STREME-4	3.3e-001	chr5:28841891-28841942	11.02	tp	0
4-RGTCAAM	STREME-4	3.3e-001	chr1:233577917-233577968	11.02	tp	0
4-RGTCAAM	STREME-4	3.3e-001	chr9:134434624-134434675	11.02	tp	0
4-RGTCAAM	STREME-4	3.3e-001	chr10:113886122-113886173	11.02	tp	0
4-RGTCAAM	STREME-4	3.3e-001	chr6:113376862-113376913	11.02	tp	0
4-RGTCAAM	STREME-4	3.3e-001	chr4:130675147-130675198	11.02	tp	0
4-RGTCAAM	STREME-4	3.3e-001	chr3:186675741-186675792	11.02	tp	0
4-RGTCAAM	STREME-4	3.3e-001	chr1:266548110-266548161	11.02	tp	0
4-RGTCAAM	STREME-4	3.3e-001	chr7:158827745-158827796	11.02	tp	0
4-RGTCAAM	STREME-4	3.3e-001	chr6:5005915-5005966	11.02	tp	0
4-RGTCAAM	STREME-4	3.3e-001	chr3:192114830-192114881	11.02	tp	0
4-RGTCAAM	STREME-4	3.3e-001	chr1:293801333-293801384	11.02	tp	0
4-RGTCAAM	STREME-4	3.3e-001	chr5:12496922-12496973	11.02	tp	0
4-RGTCAAM	STREME-4	3.3e-001	chr3:159995799-159995850	11.02	tp	0
4-RGTCAAM	STREME-4	3.3e-001	chr7:21760517-21760568	11.02	tp	0
4-RGTCAAM	STREME-4	3.3e-001	chr6:175820778-175820829	11.02	tp	0
4-RGTCAAM	STREME-4	3.3e-001	chr1:231677277-231677328	11.02	tp	0
4-RGTCAAM	STREME-4	3.3e-001	chr1:27072136-27072187	11.02	tp	0
4-RGTCAAM	STREME-4	3.3e-001	chr4:177794893-177794944	11.02	tp	0
4-RGTCAAM	STREME-4	3.3e-001	chr3:185211050-185211101	11.02	tp	0
4-RGTCAAM	STREME-4	3.3e-001	chr1:263701239-263701290	11.02	tp	0
4-RGTCAAM	STREME-4	3.3e-001	chr5:218086888-218086939	11.02	tp	0
4-RGTCAAM	STREME-4	3.3e-001	chr2:4405727-4405778	11.02	tp	0
4-RGTCAAM	STREME-4	3.3e-001	chr1:19444337-19444388	11.02	fp	0
4-RGTCAAM	STREME-4	3.3e-001	chr2:210556526-210556577	11.02	fp	0
4-RGTCAAM	STREME-4	3.3e-001	chr4:2599651-2599702	11.02	fp	0
4-RGTCAAM	STREME-4	3.3e-001	chr8:22512893-22512944	11.02	fp	0
4-RGTCAAM	STREME-4	3.3e-001	chr7:170522034-170522085	11.02	fp	0
4-RGTCAAM	STREME-4	3.3e-001	chr3:185211050-185211101	11.02	fp	0
4-RGTCAAM	STREME-4	3.3e-001	chr10:145028348-145028399	11.02	fp	0
4-RGTCAAM	STREME-4	3.3e-001	chr4:28364390-28364441	11.02	fp	1
4-RGTCAAM	STREME-4	3.3e-001	chr3:213110798-213110849	10.79	tp	0
4-RGTCAAM	STREME-4	3.3e-001	chr7:53575781-53575832	10.79	tp	0
4-RGTCAAM	STREME-4	3.3e-001	chr6:177016470-177016521	10.79	tp	0
4-RGTCAAM	STREME-4	3.3e-001	chr1:261027697-261027748	10.79	tp	0
4-RGTCAAM	STREME-4	3.3e-001	chr8:178141812-178141863	10.79	tp	0
4-RGTCAAM	STREME-4	3.3e-001	chr4:160841915-160841966	10.79	tp	0
4-RGTCAAM	STREME-4	3.3e-001	chr3:158742242-158742293	10.79	tp	0
4-RGTCAAM	STREME-4	3.3e-001	chr2:202268235-202268286	10.79	tp	0
4-RGTCAAM	STREME-4	3.3e-001	chr2:21466477-21466528	10.79	tp	0
4-RGTCAAM	STREME-4	3.3e-001	chr7:155286456-155286507	10.79	tp	0
4-RGTCAAM	STREME-4	3.3e-001	chr5:94892571-94892622	10.79	tp	0
4-RGTCAAM	STREME-4	3.3e-001	chr6:91340359-91340410	10.79	fp	0
4-RGTCAAM	STREME-4	3.3e-001	chr2:214084185-214084236	10.79	fp	0
4-RGTCAAM	STREME-4	3.3e-001	chr8:128951927-128951978	10.75	tp	0
4-RGTCAAM	STREME-4	3.3e-001	chr8:72570238-72570289	10.75	tp	0
4-RGTCAAM	STREME-4	3.3e-001	chr10:143178295-143178346	10.75	tp	0
4-RGTCAAM	STREME-4	3.3e-001	chr2:185615232-185615283	10.75	tp	0
4-RGTCAAM	STREME-4	3.3e-001	chr6:165777376-165777427	10.75	tp	0
4-RGTCAAM	STREME-4	3.3e-001	chr4:163127787-163127838	10.75	tp	0
4-RGTCAAM	STREME-4	3.3e-001	chr1:36186507-36186558	10.75	tp	0
4-RGTCAAM	STREME-4	3.3e-001	chr1:5090352-5090403	10.75	tp	0
4-RGTCAAM	STREME-4	3.3e-001	chr10:120545140-120545191	10.75	tp	0
4-RGTCAAM	STREME-4	3.3e-001	chr1:295090810-295090861	10.75	tp	0
4-RGTCAAM	STREME-4	3.3e-001	chr5:150448988-150449039	10.75	tp	0
4-RGTCAAM	STREME-4	3.3e-001	chr10:134931557-134931608	10.75	tp	0
4-RGTCAAM	STREME-4	3.3e-001	chr4:217583901-217583952	10.75	fp	0
4-RGTCAAM	STREME-4	3.3e-001	chr7:171729530-171729581	10.75	fp	0
4-RGTCAAM	STREME-4	3.3e-001	chr1:15205406-15205457	10.75	fp	0
4-RGTCAAM	STREME-4	3.3e-001	chr3:206497526-206497577	10.75	fp	0
4-RGTCAAM	STREME-4	3.3e-001	chr10:92151730-92151781	10.75	fp	0
4-RGTCAAM	STREME-4	3.3e-001	chr1:36186507-36186558	10.75	fp	0
4-RGTCAAM	STREME-4	3.3e-001	chr3:12505701-12505752	10.75	fp	0
4-RGTCAAM	STREME-4	3.3e-001	chr9:160176206-160176257	10.75	tp	1
4-RGTCAAM	STREME-4	3.3e-001	chr5:50934524-50934575	10.25	tp	0
4-RGTCAAM	STREME-4	3.3e-001	chr1:53472797-53472848	10.25	tp	0
4-RGTCAAM	STREME-4	3.3e-001	chr2:171036014-171036065	10.25	tp	0
4-RGTCAAM	STREME-4	3.3e-001	chr6:175318728-175318779	10.25	tp	0
4-RGTCAAM	STREME-4	3.3e-001	chr3:171309216-171309267	10.25	tp	0
4-RGTCAAM	STREME-4	3.3e-001	chr10:140743899-140743950	10.25	tp	0
4-RGTCAAM	STREME-4	3.3e-001	chr10:129076580-129076631	10.25	tp	0
4-RGTCAAM	STREME-4	3.3e-001	chr4:197855106-197855157	10.25	tp	0
4-RGTCAAM	STREME-4	3.3e-001	chr3:59998308-59998359	10.25	tp	0
4-RGTCAAM	STREME-4	3.3e-001	chr5:211339140-211339191	10.25	tp	0
4-RGTCAAM	STREME-4	3.3e-001	chr1:236969413-236969464	10.25	tp	0
4-RGTCAAM	STREME-4	3.3e-001	chr8:165223878-165223929	10.25	tp	0
4-RGTCAAM	STREME-4	3.3e-001	chr1:143861047-143861098	10.25	tp	0
4-RGTCAAM	STREME-4	3.3e-001	chr1:210756027-210756078	10.25	tp	0
4-RGTCAAM	STREME-4	3.3e-001	chr7:150116231-150116282	10.25	tp	0
4-RGTCAAM	STREME-4	3.3e-001	chr9:138766634-138766685	10.25	tp	0
4-RGTCAAM	STREME-4	3.3e-001	chr3:221004509-221004560	10.25	fp	0
4-RGTCAAM	STREME-4	3.3e-001	chr10:120545140-120545191	10.25	fp	0
4-RGTCAAM	STREME-4	3.3e-001	chr1:236556631-236556682	10.25	fp	0
4-RGTCAAM	STREME-4	3.3e-001	chr6:175318728-175318779	10.25	fp	0
4-RGTCAAM	STREME-4	3.3e-001	chr5:39846956-39847007	10.25	fp	0
4-RGTCAAM	STREME-4	3.3e-001	chr4:200885939-200885990	10.25	fp	0
4-RGTCAAM	STREME-4	3.3e-001	chr5:31456739-31456790	10.25	fp	0
4-RGTCAAM	STREME-4	3.3e-001	chr3:59998308-59998359	10.25	fp	0
4-RGTCAAM	STREME-4	3.3e-001	chr5:94891650-94891701	10.25	tp	1
4-RGTCAAM	STREME-4	3.3e-001	chr2:12106692-12106743	10.25	tp	1
4-RGTCAAM	STREME-4	3.3e-001	chr2:191009620-191009671	10.25	fp	1
4-RGTCAAM	STREME-4	3.3e-001	chr6:8159717-8159768	10.25	fp	1
4-RGTCAAM	STREME-4	3.3e-001	chr10:147341083-147341134	10.25	fp	1
4-RGTCAAM	STREME-4	3.3e-001	chr9:122132632-122132683	10.21	tp	0
4-RGTCAAM	STREME-4	3.3e-001	chr9:2479319-2479370	10.21	tp	0
4-RGTCAAM	STREME-4	3.3e-001	chr1:10965056-10965107	10.21	tp	0
4-RGTCAAM	STREME-4	3.3e-001	chr7:125124430-125124481	10.21	tp	0
4-RGTCAAM	STREME-4	3.3e-001	chr2:114125787-114125838	10.21	tp	0
4-RGTCAAM	STREME-4	3.3e-001	chr9:15304174-15304225	10.21	tp	0
4-RGTCAAM	STREME-4	3.3e-001	chr6:153456719-153456770	10.21	tp	0
4-RGTCAAM	STREME-4	3.3e-001	chr7:162178833-162178884	10.21	tp	0
4-RGTCAAM	STREME-4	3.3e-001	chr3:226377116-226377167	10.21	tp	0
4-RGTCAAM	STREME-4	3.3e-001	chr2:4406095-4406146	10.21	tp	0
4-RGTCAAM	STREME-4	3.3e-001	chr2:35087268-35087319	10.21	tp	0
4-RGTCAAM	STREME-4	3.3e-001	chr2:35199165-35199216	10.21	tp	0
4-RGTCAAM	STREME-4	3.3e-001	chr10:91234930-91234981	10.21	tp	0
4-RGTCAAM	STREME-4	3.3e-001	chr3:228401798-228401849	10.21	tp	0
4-RGTCAAM	STREME-4	3.3e-001	chr3:181674511-181674562	10.21	fp	0
4-RGTCAAM	STREME-4	3.3e-001	chr7:128831970-128832021	10.21	fp	0
4-RGTCAAM	STREME-4	3.3e-001	chr10:115761466-115761517	10.21	fp	0
4-RGTCAAM	STREME-4	3.3e-001	chr1:10965056-10965107	10.21	fp	0
4-RGTCAAM	STREME-4	3.3e-001	chr10:147691920-147691971	10.21	fp	0
4-RGTCAAM	STREME-4	3.3e-001	chr8:110491751-110491802	10.21	tp	1
4-RGTCAAM	STREME-4	3.3e-001	chr8:24722969-24723020	10.21	tp	1
4-RGTCAAM	STREME-4	3.3e-001	chr3:12505701-12505752	10.21	tp	1
4-RGTCAAM	STREME-4	3.3e-001	chr2:210849302-210849353	10.21	fp	1
4-RGTCAAM	STREME-4	3.3e-001	chr9:133220455-133220506	9.86	tp	0
4-RGTCAAM	STREME-4	3.3e-001	chr2:17957563-17957614	9.86	tp	0
4-RGTCAAM	STREME-4	3.3e-001	chr9:152626083-152626134	9.86	tp	0
4-RGTCAAM	STREME-4	3.3e-001	chr3:212501295-212501346	9.86	tp	0
4-RGTCAAM	STREME-4	3.3e-001	chr9:151561035-151561086	9.86	tp	1
4-RGTCAAM	STREME-4	3.3e-001	chr7:120713864-120713915	9.86	tp	1
4-RGTCAAM	STREME-4	3.3e-001	chr8:134824504-134824555	9.67	tp	0
4-RGTCAAM	STREME-4	3.3e-001	chr4:28363081-28363132	9.67	tp	1
4-RGTCAAM	STREME-4	3.3e-001	chr6:177108922-177108973	9.67	fp	1
#
5-TTAATTAA	STREME-5	5.0e-001	chr10:114101164-114101215	19.14	tp	0
5-TTAATTAA	STREME-5	5.0e-001	chr10:115761466-115761517	19.14	tp	0
5-TTAATTAA	STREME-5	5.0e-001	chr10:133287044-133287095	16.29	tp	0
5-TTAATTAA	STREME-5	5.0e-001	chr1:192310464-192310515	15.85	tp	0
5-TTAATTAA	STREME-5	5.0e-001	chr7:178516273-178516324	15.85	tp	0
5-TTAATTAA	STREME-5	5.0e-001	chr4:36995141-36995192	15.85	tp	0
5-TTAATTAA	STREME-5	5.0e-001	chr5:159602099-159602150	15.85	tp	0
5-TTAATTAA	STREME-5	5.0e-001	chr10:92151730-92151781	15.85	tp	0
5-TTAATTAA	STREME-5	5.0e-001	chr6:106222534-106222585	15.19	tp	0
5-TTAATTAA	STREME-5	5.0e-001	chr4:2895685-2895736	14.24	tp	0
5-TTAATTAA	STREME-5	5.0e-001	chr3:160735057-160735108	13.49	tp	0
5-TTAATTAA	STREME-5	5.0e-001	chr9:116650145-116650196	13.49	tp	0
5-TTAATTAA	STREME-5	5.0e-001	chr2:17957563-17957614	13.14	tp	0
5-TTAATTAA	STREME-5	5.0e-001	chr4:206121790-206121841	13.01	tp	0
5-TTAATTAA	STREME-5	5.0e-001	chr3:49969284-49969335	12.86	tp	0
5-TTAATTAA	STREME-5	5.0e-001	chr6:177108922-177108973	12.86	tp	0
5-TTAATTAA	STREME-5	5.0e-001	chr2:214093035-214093086	12.39	tp	0
5-TTAATTAA	STREME-5	5.0e-001	chr9:108449101-108449152	12.39	tp	0
5-TTAATTAA	STREME-5	5.0e-001	chr2:63037612-63037663	11.90	tp	0
5-TTAATTAA	STREME-5	5.0e-001	chr1:3168993-3169044	11.85	tp	0
5-TTAATTAA	STREME-5	5.0e-001	chr3:26361948-26361999	11.79	tp	0
5-TTAATTAA	STREME-5	5.0e-001	chr2:218504136-218504187	11.79	tp	0
5-TTAATTAA	STREME-5	5.0e-001	chr8:173952137-173952188	11.48	tp	0
5-TTAATTAA	STREME-5	5.0e-001	chr7:180859774-180859825	11.39	tp	0
5-TTAATTAA	STREME-5	5.0e-001	chr1:228606390-228606441	11.34	tp	0
5-TTAATTAA	STREME-5	5.0e-001	chr7:178516273-178516324	10.95	fp	0
5-TTAATTAA	STREME-5	5.0e-001	chr1:9098946-9098997	10.90	tp	0
5-TTAATTAA	STREME-5	5.0e-001	chr1:4109472-4109523	10.65	tp	0
5-TTAATTAA	STREME-5	5.0e-001	chr8:115226732-115226783	10.50	tp	1
5-TTAATTAA	STREME-5	5.0e-001	chr1:160181050-160181101	10.29	tp	0
5-TTAATTAA	STREME-5	5.0e-001	chr1:231677277-231677328	10.29	tp	0
5-TTAATTAA	STREME-5	5.0e-001	chr3:226462303-226462354	10.29	tp	0
5-TTAATTAA	STREME-5	5.0e-001	chr5:158408005-158408056	10.29	tp	0
5-TTAATTAA	STREME-5	5.0e-001	chr5:23604226-23604277	10.01	tp	0
5-TTAATTAA	STREME-5	5.0e-001	chr3:159233922-159233973	9.99	tp	0
